projectName,changeId,urlGerritReview,numberPatchSet,revisionPatchSet,refPatchSet,,,,,,,,,
acceleo,I0161406e9dbb7076f2fea703e6bf00b0abb801fa,https://git.eclipse.org/r/59353,2,90300da9d0030e2e8b8c393f0fbdd9ec09e1af52,refs/changes/53/59353/2,,,,,,,,,
acceleo,I0161406e9dbb7076f2fea703e6bf00b0abb801fa,https://git.eclipse.org/r/59353,4,e2eaa979138bf03c5c94791c3a75231aba781459,refs/changes/53/59353/4,,,,,,,,,
acceleo,I02853f5874e1dd15cec8b91bf32b2d38fdadb48b,https://git.eclipse.org/r/48847,1,fc43c42a5696f777e3fda347f1d15f3bd6462e5b,refs/changes/47/48847/1,,,,,,,,,
acceleo,I02a9cde673b433092412a6a23e3364f850e51fb3,https://git.eclipse.org/r/59351,1,0b3379f3d9c7e01aed64a3298e49ba4262304bff,refs/changes/51/59351/1,,,,,,,,,
acceleo,I0423078bc4de01ee268e86d035bb5cc703c9e324,https://git.eclipse.org/r/70120,1,051e2f8c13515aa5e65634a3cd718576755de509,refs/changes/20/70120/1,,,,,,,,,
acceleo,I0650049bd373ef0723cede475d6062ff6484e2ba,https://git.eclipse.org/r/45815,3,63c15eb96101a0cb3c80409f695375ebc0e8ce98,refs/changes/15/45815/3,,,,,,,,,
acceleo,I17651223ff5238eaf4ed382ad2dc3c0101bed3bb,https://git.eclipse.org/r/42498,2,aa562a92c747805ec5103dc5ff07f3cbf27f8117,refs/changes/98/42498/2,,,,,,,,,
acceleo,I22ad2cc25d45cfc68ac5c6278d32d9708eb7b7c9,https://git.eclipse.org/r/64279,1,bd9256d515bf5a01a5ea1fc496af9b4af8141f7f,refs/changes/79/64279/1,,,,,,,,,
acceleo,I264163abdcec6e9fdd4872b3d926c36133ae2df9,https://git.eclipse.org/r/46661,2,e814fcbe264124217141b5dace2d1a9a1f1616bd,refs/changes/61/46661/2,,,,,,,,,
acceleo,I2e49ee643469e6b7a23dbd7452f0ea3edea94742,https://git.eclipse.org/r/44251,3,7d31037bb69f3191ce852a079be3da9fa1046000,refs/changes/51/44251/3,,,,,,,,,
acceleo,I43678d3567bb66764120f005252fff843dc68a85,https://git.eclipse.org/r/68911,2,919d4536be3e106ba98c08c4b53ecd2ee1bd4255,refs/changes/11/68911/2,,,,,,,,,
acceleo,I49d177bf5f6baa5dd84810b027a1d8f2da015c2c,https://git.eclipse.org/r/57284,1,45a40977d1066db6c6abd62a5b46f51fb5d7fdb0,refs/changes/84/57284/1,,,,,,,,,
acceleo,I5550d9a9be377bc0f3c3d504831513386209096e,https://git.eclipse.org/r/52430,1,604e81c2ef4a1ef1dc479d27a51e0960ddddf490,refs/changes/30/52430/1,,,,,,,,,
acceleo,I57176e513bc5ccf0fbd912cced26b512d055d776,https://git.eclipse.org/r/65001,2,91653c2100299f106ccdf9f897ecb6eb589fb0e2,refs/changes/01/65001/2,,,,,,,,,
acceleo,I5756ba0e82683e2a26ecdd49284c1d5cd61aaac3,https://git.eclipse.org/r/52624,2,27dfcb4a84a01feabb840b2b6331abbaa6619b24,refs/changes/24/52624/2,,,,,,,,,
acceleo,I5f59956df9505459ef7c7e5e994d6098f182cca6,https://git.eclipse.org/r/45879,1,5607925e801226328008ff8567b4c1cf9d0ce10b,refs/changes/79/45879/1,,,,,,,,,
acceleo,I6438a6f446c851ad025c85cecb7f17f3f404fd9d,https://git.eclipse.org/r/56694,2,5d61c4fff62dac1d56ed6f3c2b1da4cb8e79f4de,refs/changes/94/56694/2,,,,,,,,,
acceleo,I6438a6f446c851ad025c85cecb7f17f3f404fd9d,https://git.eclipse.org/r/56694,3,3d7292ee56e2609cd022a2b1fed52c33724d0a5a,refs/changes/94/56694/3,,,,,,,,,
acceleo,I6ee3499a5188990f68f6e1496a3cd1b6b21c8074,https://git.eclipse.org/r/54306,2,a07a356a57f1fe7a1505d869d11315f3328eb212,refs/changes/06/54306/2,,,,,,,,,
acceleo,I7a93d61e32ed75be9ab010d335cb0233b393d2b7,https://git.eclipse.org/r/57177,2,9b60f233706d2fb9e345636b0575ba9e62e0bf00,refs/changes/77/57177/2,,,,,,,,,
acceleo,I7a93d61e32ed75be9ab010d335cb0233b393d2b7,https://git.eclipse.org/r/57177,4,4322fd9d0f92482ae2a8367e7bc2cc52c19512fd,refs/changes/77/57177/4,,,,,,,,,
acceleo,I7f5d0fbae8224b4be793db159fde8fe3448fee7e,https://git.eclipse.org/r/44098,3,dab96a60f22b0957adf0e44fe9ab4df4db2c0f5d,refs/changes/98/44098/3,,,,,,,,,
acceleo,I8002294ff6b9c2f32a16de409b2ff7cd72d51861,https://git.eclipse.org/r/47601,2,6e9e4d125e09d0e2985007bc1dc358b5e4ed20a8,refs/changes/01/47601/2,,,,,,,,,
acceleo,I81e9790231c9eeb0d389490bde6ef428b4319f14,https://git.eclipse.org/r/48376,1,7bf58570fc02f76c1551e7b82fd3993bbfb92821,refs/changes/76/48376/1,,,,,,,,,
acceleo,I85a4749b6ccf921d6f62a6357a36cd17dbebae5d,https://git.eclipse.org/r/54427,25,7fd9718d53df1700476506226d05bd6fac89a29a,refs/changes/27/54427/25,,,,,,,,,
acceleo,I861115300b18f4a09f804171090ff2e45bc90123,https://git.eclipse.org/r/53635,3,0962cd78bb58222dee93eafa19d01a2cae734f9a,refs/changes/35/53635/3,,,,,,,,,
acceleo,I8c15f1d03ba370587a0c5734216317017edc1727,https://git.eclipse.org/r/47599,4,144f72a87afbe5d04f52248b29df383ec3f106b8,refs/changes/99/47599/4,,,,,,,,,
acceleo,I90d43459c874f63150c23db4fa422325b5ef5cf2,https://git.eclipse.org/r/41132,1,5e0d681869244b5c3cbf974a5ec85d1a5fe6166e,refs/changes/32/41132/1,,,,,,,,,
acceleo,I9a134a1bfaefcda9d6eaae3d7a37d6c1cd7fbf9e,https://git.eclipse.org/r/41248,4,61516c8dc27fb3103dc6ccccc4a791699cc2cbc9,refs/changes/48/41248/4,,,,,,,,,
acceleo,I9b0ecede9952da326fe617608f41fda95b3b6a73,https://git.eclipse.org/r/64253,1,553abf0fa9c62dfaafb791d7499cf53d629b2a53,refs/changes/53/64253/1,,,,,,,,,
acceleo,Ia33504933b687a8da21108a41d03149dea8d0a2a,https://git.eclipse.org/r/41403,4,1ddb52b5bdd33a0fd7ab3d0205c5e365aa45714b,refs/changes/03/41403/4,,,,,,,,,
acceleo,Ia5ab21c03d1f561b896d1ecf43e96e6a77614e3d,https://git.eclipse.org/r/61311,2,81548fde402cac30228b5e3ed2cd714627d6760d,refs/changes/11/61311/2,,,,,,,,,
acceleo,Ia7c7448ea0115dcf696aeacd603ccf9ea2cb3760,https://git.eclipse.org/r/53162,5,a22f066a9bba7e51bde227ab4eea44fa8d460c2a,refs/changes/62/53162/5,,,,,,,,,
acceleo,Iaaa069d2b4f7a11fa70a84f37687755961424c2b,https://git.eclipse.org/r/41187,1,16e820f6b0d8a0629c3e514ca700ef96e3e01878,refs/changes/87/41187/1,,,,,,,,,
acceleo,Ibacf15469cef740ac8c6d3f4c904ab614de5d248,https://git.eclipse.org/r/54286,1,ed41223b2754a81d5ae3cdd71eff127adeaac634,refs/changes/86/54286/1,,,,,,,,,
acceleo,Ibbd00dccc96b9cd7152af62ba7bdfe5479e093c3,https://git.eclipse.org/r/41402,4,158805acf0767313e0cd47a288256c946952763b,refs/changes/02/41402/4,,,,,,,,,
acceleo,Ibf850fc8e2fae9699e790f8811f4b8821a1ccdec,https://git.eclipse.org/r/41407,3,63113985f8315dba2780e9bdef0e58701bc5b84c,refs/changes/07/41407/3,,,,,,,,,
acceleo,Ic7e013a85d86bad61c1606ef587f46ecb89b089c,https://git.eclipse.org/r/46346,2,b2f45ab503ca42904233703755831e195dbaeace,refs/changes/46/46346/2,,,,,,,,,
acceleo,Icb046ead5dd88f6b7b644087b2d7469da322695f,https://git.eclipse.org/r/63839,5,ca2b0ac447b4b6f0f3262328f3fa8aaf69c3072b,refs/changes/39/63839/5,,,,,,,,,
acceleo,Id351016e520d976ccce24b7d9255665b91bcb8ae,https://git.eclipse.org/r/51990,1,7e8e314b9053c055a738fd2943d4aab155d790c9,refs/changes/90/51990/1,,,,,,,,,
acceleo,Id351016e520d976ccce24b7d9255665b91bcb8ae,https://git.eclipse.org/r/51990,4,5b79c579043802fba8bb9cfd573aabf33e7666f9,refs/changes/90/51990/4,,,,,,,,,
acceleo,Id4fd7850eba4e8d0c0c1b3e7d385aa04d9427754,https://git.eclipse.org/r/57176,1,b6e14b5404d3542902341ea823e774548faaf5c8,refs/changes/76/57176/1,,,,,,,,,
acceleo,Id8c2fe90c5fcf4494ccabbe68bc26cb20b43372f,https://git.eclipse.org/r/53966,3,46846df8bd860f4d4ecf05116bf876d2863f82b2,refs/changes/66/53966/3,,,,,,,,,
acceleo,Ie5d811c42485d5da3e69595dc84f7481bc95b561,https://git.eclipse.org/r/60312,2,7eedda578cac1f74d176175abcb835329465b165,refs/changes/12/60312/2,,,,,,,,,
acceleo,Iebc9d67865ae1d9dddb699d744766bf2a3768cf0,https://git.eclipse.org/r/60629,2,4c8055fc9126ab241a3110e622056426ddad2f70,refs/changes/29/60629/2,,,,,,,,,
acceleo,Iee72926e4fdc2597b64a3ab8746dfb988197da5e,https://git.eclipse.org/r/46536,4,033106badaf5f5e545635104dd0759cc3b2c29a9,refs/changes/36/46536/4,,,,,,,,,
acceleo,If53b1d6816684d8f2299d8155c79a608ff8827db,https://git.eclipse.org/r/41399,5,ecdbb31e0e8f26e3d2a3d6158d5798d9c57fe9db,refs/changes/99/41399/5,,,,,,,,,
acceleo,Ifa0e6bb70c68de3b2a4b5be4174dc56254ee6fd2,https://git.eclipse.org/r/75150,1,910bf0239190c253effd408eb49b6c34277a3729,refs/changes/50/75150/1,,,,,,,,,
acceleo,Ifa93d607bb3ac697aba098d0dc7c1b0560da6dac,https://git.eclipse.org/r/65897,1,95690637c77fc8a7604eacc9f0387375f448ea31,refs/changes/97/65897/1,,,,,,,,,
acceleo,Iffa4517c11c4a05731eedaede68e4a30c30e2426,https://git.eclipse.org/r/61986,1,c20e49d24b88bc2ea227807c9713d42e972a3334,refs/changes/86/61986/1,,,,,,,,,
acceleo,I384377f968e443e71a8591455dd5e1ca976c05c1,https://git.eclipse.org/r/89328,1,ee084f27a306e7be0990f8413badaf20e2340413,refs/changes/28/89328/1,,,,,,,,,
acceleo,Ibf2b05d9e0f10bb7435d03fa6ed3f0d40fc01ba2,https://git.eclipse.org/r/81110,2,c453c5141d8bdbcfadfebcf0e93dab5bba5b83b8,refs/changes/10/81110/2,,,,,,,,,
acceleo,I1eb24999725622950b680782f47c222f5c407a5d,https://git.eclipse.org/r/61137,1,6e82b9fa277734f88f76e24a06709e8cfae0e713,refs/changes/37/61137/1,,,,,,,,,
acceleo,I3b7af2eccf5a60b4fd7479ae9a28f3797fc5f1cf,https://git.eclipse.org/r/56346,1,a56f601b607d53f0f3e82591beaad13f0bf3ce9e,refs/changes/46/56346/1,,,,,,,,,
acceleo,I95d3293d532ab7e9da4f83a63a7dd20c7443f8e4,https://git.eclipse.org/r/45880,1,21b0215296303cb100a8364b31524e0cfdd0acc0,refs/changes/80/45880/1,,,,,,,,,
acceleo,I47e3b0f63aaedf4536bbe03572bd7eb0585c9ae9,https://git.eclipse.org/r/44699,1,33f4491729a0e2b87930bb63064d87cb894dfe37,refs/changes/99/44699/1,,,,,,,,,
amalgam,Ic8b7f413dda5013e1e409205cec633898b971246,https://git.eclipse.org/r/93907,2,0b4ee4505ea3ec99d58d7dc2e632ccdcd87df5ae,refs/changes/07/93907/2,,,,,,,,,
amalgam,I5da4549a30a95563315e38cc73f9bfc0ab60db86,https://git.eclipse.org/r/93906,2,1984b008771adc3ca57f78a536fe3a4b4969d576,refs/changes/06/93906/2,,,,,,,,,
amalgam,I5da4549a30a95563315e38cc73f9bfc0ab60db86,https://git.eclipse.org/r/93906,3,473cc6831729ca2aa385fa793b0f555a38d7c637,refs/changes/06/93906/3,,,,,,,,,
amalgam,If82cd4f9e21e8a2ee71aa542ee6ff739869f9bb9,https://git.eclipse.org/r/78835,2,0ee26e8a3346cfcb0b667de405c06f990a089a14,refs/changes/35/78835/2,,,,,,,,,
bpel,I46ecdb09f03d33b0f33674295153e3249491d14f,https://git.eclipse.org/r/8216,1,c51b3520eccf47ca658f4633c5125cffcbb48389,refs/changes/16/8216/1,,,,,,,,,
cbi,I672429db6756a5339f94a3e0e3f0b55bd97e3e9e,https://git.eclipse.org/r/66815,1,97559a4c02a9e03ce34d1a033c96d63b1c640ebf,refs/changes/15/66815/1,,,,,,,,,
cdt,I7391e50c0a9bf7fc712a45d1946e5a24e91c4991,https://git.eclipse.org/r/95477,13,c5ce9c3b900733b089d24fac931468d35b5505e7,refs/changes/77/95477/13,,,,,,,,,
cdt,I72324b94ce08ab762979804914adbb1982c88198,https://git.eclipse.org/r/93601,6,d35f9e1a602b86a3cf22af4aeb85c24c166b17c8,refs/changes/01/93601/6,,,,,,,,,
cdt,I04990deaef456df125d448d19372dd32c20859f6,https://git.eclipse.org/r/95285,1,f5bd93996dc46ef5384b3417aa7797991dc64943,refs/changes/85/95285/1,,,,,,,,,
cdt,I04990deaef456df125d448d19372dd32c20859f6,https://git.eclipse.org/r/95285,2,f0fcbf1654cf4243935345e3159c5908ed3cbfdf,refs/changes/85/95285/2,,,,,,,,,
cdt,I061fa28d2e0b37f6d00232ad619f23b892e13ce6,https://git.eclipse.org/r/70930,9,9e3dc508f71693fb93f124d8ae94fb9f823b52b2,refs/changes/30/70930/9,,,,,,,,,
cdt,I08c382550c6dd8a8567a66169495a9e490c35397,https://git.eclipse.org/r/88890,3,80e3ff4300eff99db65e680958ddf37d1b9a0ac0,refs/changes/90/88890/3,,,,,,,,,
cdt,I08c382550c6dd8a8567a66169495a9e490c35397,https://git.eclipse.org/r/88890,7,cab8c241e8ab74bf1427681428ead0c427fa09a5,refs/changes/90/88890/7,,,,,,,,,
cdt,I090439b6c525cae3bf054f65f67190811232d64c,https://git.eclipse.org/r/89659,1,f5a25eedc94e98bfce865ecb7c0b4a7f8076aee7,refs/changes/59/89659/1,,,,,,,,,
cdt,I15550a75206baf906285d3fc7becb491cac13ffa,https://git.eclipse.org/r/94903,1,281dd521e404cfbe67c6a2e76b5d6554964a641d,refs/changes/03/94903/1,,,,,,,,,
cdt,I16de016387131b775237b5d61639bb32107231fe,https://git.eclipse.org/r/89509,2,afe63314cd791519aff27fe068eb129ce6d98dd0,refs/changes/09/89509/2,,,,,,,,,
cdt,I1d7879f8b23329b33e2b17e8c8444d1266b9ef0a,https://git.eclipse.org/r/90633,2,f89c7bffd001d06927b8728004a825e6d1b70987,refs/changes/33/90633/2,,,,,,,,,
cdt,I1dcc9fae80d20975b00d2d356469ddda8c2d8d2b,https://git.eclipse.org/r/95675,5,3b7bc63600f6c485ad7461259bd05b86ba8bfc6c,refs/changes/75/95675/5,,,,,,,,,
cdt,I1dcc9fae80d20975b00d2d356469ddda8c2d8d2b,https://git.eclipse.org/r/95675,6,6b1f6a1e9df456683d2865c0fd5d06318ef589f1,refs/changes/75/95675/6,,,,,,,,,
cdt,I202f574772965af3a491d449b9e9a97e8c61e2b0,https://git.eclipse.org/r/89388,2,dd79f10b201c5d5339a563769fd63e3a14ea6a09,refs/changes/88/89388/2,,,,,,,,,
cdt,I20367078ff20179f0515272afee17d0986940309,https://git.eclipse.org/r/90463,2,f1a88d5c8f6fdf024ffa729f07222990b9281df3,refs/changes/63/90463/2,,,,,,,,,
cdt,I284df3ee215d9a4a9f72f3dca9aba5c16ca4b850,https://git.eclipse.org/r/89346,3,36deddd57d3a25c6043bc07578bf5cfae40a94ee,refs/changes/46/89346/3,,,,,,,,,
cdt,I2b7c86965d09898dd1cd7eeb3c3f704bb2995e20,https://git.eclipse.org/r/90266,1,2262190a32b4f6eb8dd29d1e6d116530c6b934f5,refs/changes/66/90266/1,,,,,,,,,
cdt,I2eca438be88bb0d78dae5f511fa1fde46965fa65,https://git.eclipse.org/r/90020,2,a46ac804ea1700d096ce0810cdf117875b6449c7,refs/changes/20/90020/2,,,,,,,,,
cdt,I323a78fc1bd3a43270e27be7eb21c13f5a85de9f,https://git.eclipse.org/r/95103,2,ff4c986d5d3e363fbdfbbe7dfba9a264645454d9,refs/changes/03/95103/2,,,,,,,,,
cdt,I3686e3c32cacbcbad299de333eee32241a4697a5,https://git.eclipse.org/r/89165,1,5f097fa4ed370392b88cfc54ecc96cd03f711b7c,refs/changes/65/89165/1,,,,,,,,,
cdt,I42c54b179b5dacc16f7a5e04a83ddb973ccc6dde,https://git.eclipse.org/r/93505,2,ae53760c467a7cc4f90697ac36c1f3e7e405d058,refs/changes/05/93505/2,,,,,,,,,
cdt,I4a86015c61164edf9a7840acb40b7b74a4cf8e61,https://git.eclipse.org/r/85888,2,a1a60b50c350c1f7f987a64aa828002efcdd06c8,refs/changes/88/85888/2,,,,,,,,,
cdt,I4c86e36265962781d4541aaceeb40b502248f674,https://git.eclipse.org/r/90312,3,e14cc2d3206a75b45b26d2b6a46c60248950f8fd,refs/changes/12/90312/3,,,,,,,,,
cdt,I603a89822e1fcbb1e7126150fd8e4de17fd7a141,https://git.eclipse.org/r/89369,3,132dda9cff8eb440e6b2dcff48c836a45a417bb1,refs/changes/69/89369/3,,,,,,,,,
cdt,I626811b33ed09bb07c947c1c491b2c04e282232b,https://git.eclipse.org/r/95765,2,525d8a23fb389e2b6795136b13d5bb924200feb2,refs/changes/65/95765/2,,,,,,,,,
cdt,I658b0dd8688088e203966a154e6154f1b2c851f4,https://git.eclipse.org/r/92139,2,be5adf02ed1f5770e3ceaa9383b14a2c4d0759bd,refs/changes/39/92139/2,,,,,,,,,
cdt,I7391e50c0a9bf7fc712a45d1946e5a24e91c4991,https://git.eclipse.org/r/95477,8,b5df32af10d647adbffe34c38be83918d926da18,refs/changes/77/95477/8,,,,,,,,,
cdt,I7391e50c0a9bf7fc712a45d1946e5a24e91c4991,https://git.eclipse.org/r/95477,20,0e70882865e5952d32bdf4e35b0137ef5df15170,refs/changes/77/95477/20,,,,,,,,,
cdt,I7391e50c0a9bf7fc712a45d1946e5a24e91c4991,https://git.eclipse.org/r/95477,24,29bd389e6c1f6fb6748ad4f3117b95437d96aec3,refs/changes/77/95477/24,,,,,,,,,
cdt,I773850518b265534c462b10c3ba678ac184334c3,https://git.eclipse.org/r/95641,1,dac595c7ab002f876f64681cd76e08a50337e875,refs/changes/41/95641/1,,,,,,,,,
cdt,I7cc3dfcef75fe0faf104dc7bfe11e2acd90a4748,https://git.eclipse.org/r/96703,3,66b7cfe572a7150dbd758a4cdf7795837bdf04dc,refs/changes/03/96703/3,,,,,,,,,
cdt,I8102f1ad0fd6f2fc9f83bba8606098cf8f19b893,https://git.eclipse.org/r/92511,1,b0bd43870557c4cb2daa1c0c61ea1376cea2cfc9,refs/changes/11/92511/1,,,,,,,,,
cdt,I8cf0238771dc92bd1784b9dfb35a680d078b1db6,https://git.eclipse.org/r/94361,2,b7a427ec1138090a020e8ae1ae794f89c4557e6f,refs/changes/61/94361/2,,,,,,,,,
cdt,I8d8b61edd80ae4da4c0e0eea3806b0efecb570e0,https://git.eclipse.org/r/86879,3,ded0e65e0b5811de1220c863699501fa61b47212,refs/changes/79/86879/3,,,,,,,,,
cdt,I9f37eded44ece4ae25094cf70fa7f90a706e3e69,https://git.eclipse.org/r/88596,1,01f1d98091bfa1acfe3863f93effa79fa76bf737,refs/changes/96/88596/1,,,,,,,,,
cdt,Ia52a62c2d8800e2a4f0404bc00e346decbacaa3b,https://git.eclipse.org/r/93835,1,684070770f0f55739e680fb76cd2b6158ec73985,refs/changes/35/93835/1,,,,,,,,,
cdt,Iab76315980cab8f2070cdf3ba853871b0eecf74c,https://git.eclipse.org/r/93789,1,81cb914cedaacb4c652c471f4cbd35fd4706834f,refs/changes/89/93789/1,,,,,,,,,
cdt,Iaee32f03a4fa821979fca1e1ca7b2b272bac1737,https://git.eclipse.org/r/97027,2,a5075bee6a8f6d27ea745872eb89fadb6c851910,refs/changes/27/97027/2,,,,,,,,,
cdt,Iaee32f03a4fa821979fca1e1ca7b2b272bac1737,https://git.eclipse.org/r/97027,3,2cdde372a1454b8857d24975387c601a94b36202,refs/changes/27/97027/3,,,,,,,,,
cdt,Iaee32f03a4fa821979fca1e1ca7b2b272bac1737,https://git.eclipse.org/r/97027,4,c9244d4ea546eed44246a8ebeae36604d37068b5,refs/changes/27/97027/4,,,,,,,,,
cdt,Ib8e0de13c49f715806d8c29cb4e8cf07182d5f50,https://git.eclipse.org/r/96696,1,c14d6d25a960584e88152979540981e1f2844c1e,refs/changes/96/96696/1,,,,,,,,,
cdt,Ibb24c1a79c4d91ead3fc629ea3d4e7425b4e7f23,https://git.eclipse.org/r/89784,2,84227b6f55969a19a9280021c93ba31b45fed0a6,refs/changes/84/89784/2,,,,,,,,,
cdt,Ibb24c1a79c4d91ead3fc629ea3d4e7425b4e7f23,https://git.eclipse.org/r/89784,5,535879b41a408342c116fa662f4bdc250b0da021,refs/changes/84/89784/5,,,,,,,,,
cdt,Ibf8ff7d8addb1bf092dc4ef35de0d92de0309589,https://git.eclipse.org/r/90464,2,75ebec5b5f681f5f6caba19c827cf966bc4cc3c4,refs/changes/64/90464/2,,,,,,,,,
cdt,Ibf8ff7d8addb1bf092dc4ef35de0d92de0309589,https://git.eclipse.org/r/90464,4,31432f0b5417c494732390a4e5c1318cacf42fbc,refs/changes/64/90464/4,,,,,,,,,
cdt,Ibf8ff7d8addb1bf092dc4ef35de0d92de0309589,https://git.eclipse.org/r/90464,5,d93256579aa5743cbf30ec7b3827f84b61970a5f,refs/changes/64/90464/5,,,,,,,,,
cdt,Ic09aa96f896b0a5dd998156e05930704775f695b,https://git.eclipse.org/r/94351,5,1213425073287e6319e609c68e601e9f894fa43e,refs/changes/51/94351/5,,,,,,,,,
cdt,Ic8f0b7494a19d20630536dd992ed035f52f0f3e7,https://git.eclipse.org/r/90782,2,7aa9a161a09df31aa56b67751cb045e0002d7b5f,refs/changes/82/90782/2,,,,,,,,,
cdt,Icc7a21cd14ea81e53517d0b3c420de0927335ed4,https://git.eclipse.org/r/95383,1,5dab57373e247e9de64decf93eca4becbc561b0c,refs/changes/83/95383/1,,,,,,,,,
cdt,Icc7a21cd14ea81e53517d0b3c420de0927335ed4,https://git.eclipse.org/r/95383,2,01ae5974749d8d615a9252defd8929f7f2a96233,refs/changes/83/95383/2,,,,,,,,,
cdt,Icc7a21cd14ea81e53517d0b3c420de0927335ed4,https://git.eclipse.org/r/95383,4,59f669d2f8e59382d318480c57bd653697402e65,refs/changes/83/95383/4,,,,,,,,,
cdt,Icc7a21cd14ea81e53517d0b3c420de0927335ed4,https://git.eclipse.org/r/95383,5,9f35d45569373f1cfd8501ba068fdf0ca5df3fbd,refs/changes/83/95383/5,,,,,,,,,
cdt,Id0bb91c7aaef0e356d1989e1dc949542813d2309,https://git.eclipse.org/r/6035,2,5c2eef108a0cf690d280dc82b572ac03a5428bdf,refs/changes/35/6035/2,,,,,,,,,
cdt,Id5821c0f4c68832f060e6b091ff611e35de6e15d,https://git.eclipse.org/r/87435,4,f7f71e9d1df9a1fad4f007e15b7142af307bac6e,refs/changes/35/87435/4,,,,,,,,,
cdt,Ida7b45558e4430bc5cc9a1eb5ef25e8d19487c31,https://git.eclipse.org/r/90883,4,e26076ca49552c3e0faa9129b72af1c51f68d0d7,refs/changes/83/90883/4,,,,,,,,,
cdt,Ie4ab30f07640d112fff9aec2b4f348a27bfe188b,https://git.eclipse.org/r/89770,4,d3c1dcc54eaaa834fa6a6d32074d0aa090999eaa,refs/changes/70/89770/4,,,,,,,,,
cdt,Ie4ab30f07640d112fff9aec2b4f348a27bfe188b,https://git.eclipse.org/r/89770,14,7f013adf54079fbb648799922eaf2f841ef847e7,refs/changes/70/89770/14,,,,,,,,,
cdt,Ie9b7c4ef63040df6a419af8348f088be79cc2611,https://git.eclipse.org/r/93570,1,3b360530f11c6ff0977c1891b56b82a0f45fff94,refs/changes/70/93570/1,,,,,,,,,
cdt,If07961701bd568f674918c484cad16699bfa1cdf,https://git.eclipse.org/r/94444,1,d70f1ccdfc8608aae826a5882ac3208065f386e2,refs/changes/44/94444/1,,,,,,,,,
cdt,If07961701bd568f674918c484cad16699bfa1cdf,https://git.eclipse.org/r/94444,4,17b3a93a8067c326d537964849cfb1bae6a33e00,refs/changes/44/94444/4,,,,,,,,,
cdt,If3130ed52df95b0481d95477727fc2f419251ade,https://git.eclipse.org/r/83366,5,3f1712eb5fbd234f4f08e7176fac07c87d0fda77,refs/changes/66/83366/5,,,,,,,,,
cdt,If43b3b6e49cd4a20ea929c2a096745a32de14cd0,https://git.eclipse.org/r/89639,1,cb2e140291c38b8f8b613f1774e9d538e7c06912,refs/changes/39/89639/1,,,,,,,,,
cdt,I42c54b179b5dacc16f7a5e04a83ddb973ccc6dde,https://git.eclipse.org/r/93505,1,2556cd6a482bb49b3964372a77412b3223806aeb,refs/changes/05/93505/1,,,,,,,,,
cdt,If73f3510e46ca80d542d47c29c55b48b8b0bc697,https://git.eclipse.org/r/93744,1,1696ed61bbc87f5ee25f073cf84a02db0c84ecd3,refs/changes/44/93744/1,,,,,,,,,
cdt,Ib06482847e88a327b3e3dccf1522d5f8dab1a72b,https://git.eclipse.org/r/46284,2,04c8614d6ae8f23a35e50309cb5832e6626fad13,refs/changes/84/46284/2,,,,,,,,,
cdt,I1faa5fdb2bfd11ce3e6e599e2cbeefcfa19ce3b6,https://git.eclipse.org/r/90853,3,04caa84085d2f8c528995c56df2d133805c552cd,refs/changes/53/90853/3,,,,,,,,,
cdt,I1d7879f8b23329b33e2b17e8c8444d1266b9ef0a,https://git.eclipse.org/r/90633,1,6a70ad66bbbdf6c7a171ba45f86fc972e7333f5c,refs/changes/33/90633/1,,,,,,,,,
cdt,Ibb24c1a79c4d91ead3fc629ea3d4e7425b4e7f23,https://git.eclipse.org/r/89784,3,27635f490aac46ab3fbf6dedc22d274fc61d858e,refs/changes/84/89784/3,,,,,,,,,
cdt,Ie57c69f54c64e4913d1498b02e86d00c93f8101a,https://git.eclipse.org/r/89780,1,a182fb73611954ebc934f635a8f6d9e0d3b5944d,refs/changes/80/89780/1,,,,,,,,,
cdt,I52125b13ac3af41b8063fc8dff408d09bbb4c2a6,https://git.eclipse.org/r/89338,1,d26dba60f956a75b490dd034205e33786152e83b,refs/changes/38/89338/1,,,,,,,,,
egit-github,I3ed4f7f74e394ce8ad60dcdde6a99e510ade59dc,https://git.eclipse.org/r/4634,1,4da91edc7f3ca8d7018002d4f624148ae3fac366,refs/changes/34/4634/1,,,,,,,,,
egit-github,I3ed4f7f74e394ce8ad60dcdde6a99e510ade59dc,https://git.eclipse.org/r/4634,2,2fb67ed2ff80f1b1b09979583808dce11a8fa422,refs/changes/34/4634/2,,,,,,,,,
egit-github,I3ed4f7f74e394ce8ad60dcdde6a99e510ade59dc,https://git.eclipse.org/r/4634,3,d5adcc025f0885479795f65394973dfe6c25fc4e,refs/changes/34/4634/3,,,,,,,,,
egit-github,I3ed4f7f74e394ce8ad60dcdde6a99e510ade59dc,https://git.eclipse.org/r/4634,4,686f844cb764ae00318ed6406047ccf71bd18afd,refs/changes/34/4634/4,,,,,,,,,
egit-github,I5f4e64558ca3eb010bdd01680c0056676c0f7738,https://git.eclipse.org/r/43211,1,c358bc39c0a183f888b4abba825cd3609a8ca8fe,refs/changes/11/43211/1,,,,,,,,,
egit-github,I62f8cbf1e276a3d3da270292153a80028c872b2c,https://git.eclipse.org/r/43204,1,5c289e347469d0c4e74f9fdca403c7b221471bf1,refs/changes/04/43204/1,,,,,,,,,
egit-github,I62f8cbf1e276a3d3da270292153a80028c872b2c,https://git.eclipse.org/r/43204,2,f8c7d4a038f6ea043c858ce0de9b32083de04f26,refs/changes/04/43204/2,,,,,,,,,
egit-github,I6773e31113688ac027cf8b061107f54a35ab10ff,https://git.eclipse.org/r/35855,2,535e0597d64d93ae7e4be95cf159536f17ad6bac,refs/changes/55/35855/2,,,,,,,,,
egit-github,I6773e31113688ac027cf8b061107f54a35ab10ff,https://git.eclipse.org/r/35855,3,fc84a15481073aa5039a2c1c7def1e8ed3c9179c,refs/changes/55/35855/3,,,,,,,,,
egit-github,I6773e31113688ac027cf8b061107f54a35ab10ff,https://git.eclipse.org/r/35855,5,8d7de4e92f455219668ecf1e1392c0a54174f397,refs/changes/55/35855/5,,,,,,,,,
egit-github,I9f498acdec46a15156939e71bcc9bd40766cd65f,https://git.eclipse.org/r/8055,1,a6cba8522fa731b220acf4c2407ac1da37728c0a,refs/changes/55/8055/1,,,,,,,,,
egit-github,Ia4d927b0e33fa9a1d5432d304513a79c20882669,https://git.eclipse.org/r/9009,1,bcb1111fcc232778a28010c0dd276ecee4c24b81,refs/changes/09/9009/1,,,,,,,,,
egit-github,Ia8520191115469017d38597676e960303a6c31c3,https://git.eclipse.org/r/35771,2,a6928dc42153c99083c33c9d3089c182fdd5272c,refs/changes/71/35771/2,,,,,,,,,
egit-github,Ia8520191115469017d38597676e960303a6c31c3,https://git.eclipse.org/r/35771,3,c99cbae825685682ce45c08448312d70019900fc,refs/changes/71/35771/3,,,,,,,,,
egit-github,Ib6b18068513ce8d56c51b17070d57be3d88e4b01,https://git.eclipse.org/r/4174,1,570777f9b9c5f53f1a5741f7ab9fad9887d564de,refs/changes/74/4174/1,,,,,,,,,
egit-github,Ice276b27880f75bb7847140c1534c5fc2705865d,https://git.eclipse.org/r/57918,1,ea46d9e34bc8c9db98b18537ebea3e0191249341,refs/changes/18/57918/1,,,,,,,,,
egit-github,Ida0bef8335f8d09b5650d3c26d960c0964e8a362,https://git.eclipse.org/r/61457,3,bd9036e1cb5cdc89b4e5432a765e70862afdc73c,refs/changes/57/61457/3,,,,,,,,,
egit-github,Ie49a124a2e4e16b1b850c246a298c0be681f0914,https://git.eclipse.org/r/5573,1,f6d052c646c3e4e6396f2600544f98fd10ca2951,refs/changes/73/5573/1,,,,,,,,,
egit-github,I10d85b2a45a29a335bab881005a7c31be63d546d,https://git.eclipse.org/r/28365,1,cd003a475b9e759576e48e3dc4ecc74cb0633cc3,refs/changes/65/28365/1,,,,,,,,,
egit-github,I30f6574003e55ce578786f848ab8c33c6b6825be,https://git.eclipse.org/r/40429,1,2deba4c65c7c6c7180d8b3aebe23c243ce8d2ab0,refs/changes/29/40429/1,,,,,,,,,
egit-github,I55338edc57bb1722d623fb8c70959634aa40230e,https://git.eclipse.org/r/4434,2,35975c5f1f55a39f8fcde456c856eb0125711c5a,refs/changes/34/4434/2,,,,,,,,,
egit-github,I6773e31113688ac027cf8b061107f54a35ab10ff,https://git.eclipse.org/r/35855,7,e7a748ddbef8eb5455969aefbe924b71244430e2,refs/changes/55/35855/7,,,,,,,,,
egit-github,I94832a0f2ab7a69697d839086f57ff29302fbaf7,https://git.eclipse.org/r/61825,1,47d8a6ccab655a27ed54ba2138313e534324a127,refs/changes/25/61825/1,,,,,,,,,
egit-github,Iaa50aa60cbdb0172166f0c62681b05793cadae50,https://git.eclipse.org/r/37930,1,d89a73ec9e199bffc16e9d3571c178d540569946,refs/changes/30/37930/1,,,,,,,,,
egit-github,Iffb1b3ecb7684d8795e0b39b1ded8b75269e4436,https://git.eclipse.org/r/43150,1,ecd042b7d865c15b45a47b0d97a76b6a0b180695,refs/changes/50/43150/1,,,,,,,,,
egit-pde,Ib1529eace4ba2c571358d1212e2c40cf00fee274,https://git.eclipse.org/r/1826,2,ea158d8d4e3069cc6688eb60529945994c892f07,refs/changes/26/1826/2,,,,,,,,,
egit-training,Id02340378e56d9b16b044c0a73b95064064a7213,https://git.eclipse.org/r/5460,1,5ee88a221977e51ea6c3119f972cee211356d27c,refs/changes/60/5460/1,,,,,,,,,
egit-training,Ifffe839d641a06d48da0a5b28de02dc89e6dd2fa,https://git.eclipse.org/r/64757,1,537567960dac578e1b76cfa75d30db5d6ce1043b,refs/changes/57/64757/1,,,,,,,,,
egit-training,I3fa4cd2c81ca9a1311f29d5b543d889e6ec5dd9f,https://git.eclipse.org/r/23502,1,883d711b9123c706847118eb70235946ab137617,refs/changes/02/23502/1,,,,,,,,,
jgit,I32593816baf01778667262ae0a9c1263d8f8cadd,https://git.eclipse.org/r/13733,1,a43ae129d8d848b5da8175328c2b5ffd6184ca76,refs/changes/33/13733/1,,,,,,,,,
m2e,I06ae6d36b234a36196b807c1fe8e59f5f137e609,https://git.eclipse.org/r/34469,1,05da03ede1f3b474b243de9a744ed88a8e003405,refs/changes/69/34469/1,,,,,,,,,
m2e,I4ab03c3da77c5b4c474ec96ac44e50e751e7860e,https://git.eclipse.org/r/40332,3,309d094d7228c031f20c4efc38c88469a41e4000,refs/changes/32/40332/3,,,,,,,,,
m2e,I070e84c33191679d919fa22196546d05c5bfd618,https://git.eclipse.org/r/45764,2,7dae87bc00a3b2a83f127b5ee8f0af2945b8ee3f,refs/changes/64/45764/2,,,,,,,,,
m2e,I070e84c33191679d919fa22196546d05c5bfd618,https://git.eclipse.org/r/45764,3,68b5c45d69ed0827a70bee7b5b2664f42a5e88dc,refs/changes/64/45764/3,,,,,,,,,
m2e,I070e84c33191679d919fa22196546d05c5bfd618,https://git.eclipse.org/r/45764,5,81460394e0bd78f6fcf2cde5322c9a08c4a95773,refs/changes/64/45764/5,,,,,,,,,
m2e,I070e84c33191679d919fa22196546d05c5bfd618,https://git.eclipse.org/r/45764,6,0c2c031567ae53ee0795c04eb68909000ca1d80d,refs/changes/64/45764/6,,,,,,,,,
m2e,I070e84c33191679d919fa22196546d05c5bfd618,https://git.eclipse.org/r/45764,8,e4ac2e1d6ad5cea7cf5d9128bf440d35b340b997,refs/changes/64/45764/8,,,,,,,,,
m2e,I0e01774a6c1dc18e2fdc75b2781b21e1962e1160,https://git.eclipse.org/r/47480,1,8a0a7a3cd8831a3c3401fb9e954439f63565cd1f,refs/changes/80/47480/1,,,,,,,,,
m2e,I18bf42d678cea07c8242280889358f96776f64e6,https://git.eclipse.org/r/81060,1,ccaa396ca482fc0160a5e0d04fd73e21511d893a,refs/changes/60/81060/1,,,,,,,,,
m2e,I1960246bb215ef2f452fcc0b7771e03b3fda4d80,https://git.eclipse.org/r/45597,1,9c464ab90cf795beecde1b72accb0725115c2322,refs/changes/97/45597/1,,,,,,,,,
m2e,I1960246bb215ef2f452fcc0b7771e03b3fda4d80,https://git.eclipse.org/r/45597,2,cce20a726959289ea37af678a272c4ddea6e49f3,refs/changes/97/45597/2,,,,,,,,,
m2e,I24c61b988f5d087e8c19c9240f24280ef17e0387,https://git.eclipse.org/r/60691,1,b3ed4eba6e61056ae7a257bf844bedd24bb8b24c,refs/changes/91/60691/1,,,,,,,,,
m2e,I24c61b988f5d087e8c19c9240f24280ef17e0387,https://git.eclipse.org/r/60691,3,33e47b5ebba5aa11eb0bfc181a1ae6a2fc3cec43,refs/changes/91/60691/3,,,,,,,,,
m2e,I3595ad06244f3294b8a787db9f59567b0dbb856c,https://git.eclipse.org/r/20689,1,3595ad06244f3294b8a787db9f59567b0dbb856c,refs/changes/89/20689/1,,,,,,,,,
m2e,I37e2e6f8d3064523dd74e19b4e002225bd669d6c,https://git.eclipse.org/r/41002,1,5d1bced67ea433e503154dc76e2dadcb60b21dbb,refs/changes/02/41002/1,,,,,,,,,
m2e,I3bc8685eea13abd5e588674d15921ae94f1852fd,https://git.eclipse.org/r/64346,1,9013ad30edbbab20bcd425e12c8d6a3a6e6846ea,refs/changes/46/64346/1,,,,,,,,,
m2e,I3bc8685eea13abd5e588674d15921ae94f1852fd,https://git.eclipse.org/r/64346,2,9e8a24a0c7a6b35a8af24ced7015b3b672252a49,refs/changes/46/64346/2,,,,,,,,,
m2e,I4ab03c3da77c5b4c474ec96ac44e50e751e7860e,https://git.eclipse.org/r/40332,1,7d4153fd173844e986112e713b76b8bb2600b3c4,refs/changes/32/40332/1,,,,,,,,,
m2e,I4ab03c3da77c5b4c474ec96ac44e50e751e7860e,https://git.eclipse.org/r/40332,2,6d05d347343f3367aaeb76409857196e97cec925,refs/changes/32/40332/2,,,,,,,,,
m2e,Iae61416a2186b28e2a977158174a4bae2accd98a,https://git.eclipse.org/r/25736,1,a35f10c2641d5cdca8ffcefb84122a49110d76fa,refs/changes/36/25736/1,,,,,,,,,
m2e,I4b703504b7ccf9c2ce796fa0fd5fdbcd71b0f9a8,https://git.eclipse.org/r/48515,3,6ea2f2041af45462be9789b7d83b97ffc7fef0dc,refs/changes/15/48515/3,,,,,,,,,
m2e,I4b703504b7ccf9c2ce796fa0fd5fdbcd71b0f9a8,https://git.eclipse.org/r/48515,5,1d021079ea306dd0db4ed08bdee7c963ea981b5e,refs/changes/15/48515/5,,,,,,,,,
m2e,I55202c25361fc00945900e6c6959aaeaa65d2202,https://git.eclipse.org/r/52036,1,d86bd5d0368572c1f37a20b3b69f1f2e34bcf9ed,refs/changes/36/52036/1,,,,,,,,,
m2e,I557218b33eb9ddebd748c819d0b9030fead5727b,https://git.eclipse.org/r/68743,1,25bf79035f2210ef6fe37e4c3576f73e14cf2059,refs/changes/43/68743/1,,,,,,,,,
m2e,I557218b33eb9ddebd748c819d0b9030fead5727b,https://git.eclipse.org/r/68743,3,5dfc87e6c16155bbe5742ffe71e4b4d6f965f8af,refs/changes/43/68743/3,,,,,,,,,
m2e,I557218b33eb9ddebd748c819d0b9030fead5727b,https://git.eclipse.org/r/68743,4,c485525fc17ad4647098177ab5d19e51e0921794,refs/changes/43/68743/4,,,,,,,,,
m2e,I5fcc79f5181caae95ea2000436d301e513afd42e,https://git.eclipse.org/r/61190,1,86c6d91acd78d9ac9c9576ef3270495c498f0b8f,refs/changes/90/61190/1,,,,,,,,,
m2e,I5fcc79f5181caae95ea2000436d301e513afd42e,https://git.eclipse.org/r/61190,2,9acc56726e7f355981e93f9c9c145e6b16738921,refs/changes/90/61190/2,,,,,,,,,
m2e,I6f6265e2ef719f6deb248effb8fa2224321e4376,https://git.eclipse.org/r/73405,2,c4fcfe7fad8fb709bbc6a4ba774a85be9872767b,refs/changes/05/73405/2,,,,,,,,,
m2e,I76787b503b6637a86b9ff3dbd052d2398149e1c1,https://git.eclipse.org/r/34267,1,7b609d36ea3bf51dc75847ee2d8266b5c7952559,refs/changes/67/34267/1,,,,,,,,,
m2e,I76787b503b6637a86b9ff3dbd052d2398149e1c1,https://git.eclipse.org/r/34267,2,f03397b013bdc228d7cdc1949cbac7ffcef1ee98,refs/changes/67/34267/2,,,,,,,,,
m2e,I8d634c2c611fef26532ad6d2b40de342ec692d80,https://git.eclipse.org/r/68900,1,5929ea68041c8f7ae070dd9aa1d4a1ef0c7d3153,refs/changes/00/68900/1,,,,,,,,,
m2e,I8d634c2c611fef26532ad6d2b40de342ec692d80,https://git.eclipse.org/r/68900,3,9cecbc68f6f604861c4b4fc41e257ece8c0f34c5,refs/changes/00/68900/3,,,,,,,,,
m2e,I8d634c2c611fef26532ad6d2b40de342ec692d80,https://git.eclipse.org/r/68900,4,0f721a59c3019d5d610fe70ff6f5b649a96d9242,refs/changes/00/68900/4,,,,,,,,,
m2e,I8ecb919de1d76c96745121da3b9de2cea185c6b2,https://git.eclipse.org/r/62089,1,8ae3a2646095d02e299ec79f7e6727c23b626cc7,refs/changes/89/62089/1,,,,,,,,,
m2e,Ia9989a773c8b89adbf04e49da55f6286af47bc5b,https://git.eclipse.org/r/43504,1,f5653d7f5e1acb391a8adc2a583c0b76d2a503ba,refs/changes/04/43504/1,,,,,,,,,
m2e,Ibdcc4cf75cfbb4fd49c27ba3ce187cfb932c47cb,https://git.eclipse.org/r/62667,1,d152c310e1af534a556fbcdb55499d1b2554a2fc,refs/changes/67/62667/1,,,,,,,,,
m2e,Ic42d0fab3c91f7a43368b24097a16ca6717bd62b,https://git.eclipse.org/r/65369,6,2efe72a994b27697bfbcd344c99d3f11750ab51c,refs/changes/69/65369/6,,,,,,,,,
m2e,Icd7bbd5a49456d8bd1e114af78a97445e5bb59cd,https://git.eclipse.org/r/38201,2,699cb72c88d66bdf482d1dae8c1b85360ea3615f,refs/changes/01/38201/2,,,,,,,,,
m2e,Icd7bbd5a49456d8bd1e114af78a97445e5bb59cd,https://git.eclipse.org/r/38201,3,7fc0c472e21d5d03dc13f21370e6adf9a7e7676f,refs/changes/01/38201/3,,,,,,,,,
m2e,Ie94ac27054b9ab9326f2e03e12e32419b68dfbfb,https://git.eclipse.org/r/101003,1,9028e15c72554cbd901887c613a99932a7aa11f5,refs/changes/03/101003/1,,,,,,,,,
m2e,If0e32c8be1af99f315d528111a9d9d0efbc4e4cd,https://git.eclipse.org/r/25909,2,f3365c29e8445fccb2410d3d06010d19d525b2c0,refs/changes/09/25909/2,,,,,,,,,
m2e,Ifd2e3bad27314880e98998a97ed7abd26d648d30,https://git.eclipse.org/r/48526,1,8e92b7a77acd31a71984f496c76ef08799db71c0,refs/changes/26/48526/1,,,,,,,,,
m2e,I2b162536ce3ae34e3511e0535007b164f39bca96,https://git.eclipse.org/r/64278,2,312911837241bee86d12506e246eb25c503fc3c0,refs/changes/78/64278/2,,,,,,,,,
m2e,I3bc8685eea13abd5e588674d15921ae94f1852fd,https://git.eclipse.org/r/64346,5,695918b8dad9f85d938ed7964275eef621a7d3d8,refs/changes/46/64346/5,,,,,,,,,
m2e,I3bc8685eea13abd5e588674d15921ae94f1852fd,https://git.eclipse.org/r/64346,6,b9ff730afe9e7e77f4becff078232a7ed796f7a9,refs/changes/46/64346/6,,,,,,,,,
m2e,I557218b33eb9ddebd748c819d0b9030fead5727b,https://git.eclipse.org/r/68743,5,a51c2822928275eb8f8ebac002b7130e0acdbb77,refs/changes/43/68743/5,,,,,,,,,
m2e,I557218b33eb9ddebd748c819d0b9030fead5727b,https://git.eclipse.org/r/68743,9,5412cf4a8ccd3bbd81261c9ed081d08223ea4798,refs/changes/43/68743/9,,,,,,,,,
m2e,I557218b33eb9ddebd748c819d0b9030fead5727b,https://git.eclipse.org/r/68743,11,b87acff4d35a57c614bf5f1a781f464ac91a09c8,refs/changes/43/68743/11,,,,,,,,,
,,,,,,,,,,,,,,
,,,,,,,,,,,,,,
,,,,,,,,,,,,,,
,,,,,,,,,,,,,,
,,,,,,,,,,,,,,
,,,,,,,,,,,,,,
,,,,,,,,,,,,,,
,,,,,,,,,,,,,,
,,,,,,,,,,,,,,
,,,,,,,,,,,,,,
,,,,,,,,,,,,,,
,,,,,,,,,,,,,,
,,,,,,,,,,,,,,
,,,,,,,,,,,,,,
,,,,,,,,,,,,,,
,,,,,,,,,,,,,,
,,,,,,,,,,,,,,
,,,,,,,,,,,,,,
,,,,,,,,,,,,,,
,,,,,,,,,,,,,,
,,,,,,,,,,,,,,
,,,,,,,,,,,,,,
,,,,,,,,,,,,,,
,,,,,,,,,,,,,,
,,,,,,,,,,,,,,
,,,,,,,,,,,,,,
,,,,,,,,,,,,,,
,,,,,,,,,,,,,,
,,,,,,,,,,,,,,
,,,,,,,,,,,,,,
,,,,,,,,,,,,,,
,,,,,,,,,,,,,,
,,,,,,,,,,,,,,
,,,,,,,,,,,,,,
,,,,,,,,,,,,,,
,,,,,,,,,,,,,,
,,,,,,,,,,,,,,
,,,,,,,,,,,,,,
,,,,,,,,,,,,,,
,,,,,,,,,,,,,,
,,,,,,,,,,,,,,
,,,,,,,,,,,,,,
,,,,,,,,,,,,,,
,,,,,,,,,,,,,,
,,,,,,,,,,,,,,
,,,,,,,,,,,,,,
,,,,,,,,,,,,,,
,,,,,,,,,,,,,,
,,,,,,,,,,,,,,
,,,,,,,,,,,,,,
,,,,,,,,,,,,,,
,,,,,,,,,,,,,,
,,,,,,,,,,,,,,
,,,,,,,,,,,,,,
,,,,,,,,,,,,,,
,,,,,,,,,,,,,,
,,,,,,,,,,,,,,
,,,,,,,,,,,,,,
,,,,,,,,,,,,,,
,,,,,,,,,,,,,,
,,,,,,,,,,,,,,
,,,,,,,,,,,,,,
,,,,,,,,,,,,,,
,,,,,,,,,,,,,,
,,,,,,,,,,,,,,
,,,,,,,,,,,,,,
,,,,,,,,,,,,,,
,,,,,,,,,,,,,,
,,,,,,,,,,,,,,
,,,,,,,,,,,,,,
,,,,,,,,,,,,,,
,,,,,,,,,,,,,,
,,,,,,,,,,,,,,
,,,,,,,,,,,,,,
,,,,,,,,,,,,,,
,,,,,,,,,,,,,,
,,,,,,,,,,,,,,
,,,,,,,,,,,,,,
,,,,,,,,,,,,,,
,,,,,,,,,,,,,,
,,,,,,,,,,,,,,
,,,,,,,,,,,,,,
,,,,,,,,,,,,,,
,,,,,,,,,,,,,,
,,,,,,,,,,,,,,
,,,,,,,,,,,,,,
,,,,,,,,,,,,,,
,,,,,,,,,,,,,,
,,,,,,,,,,,,,,
,,,,,,,,,,,,,,
,,,,,,,,,,,,,,
,,,,,,,,,,,,,,
,,,,,,,,,,,,,,
,,,,,,,,,,,,,,
,,,,,,,,,,,,,,
,,,,,,,,,,,,,,
,,,,,,,,,,,,,,
,,,,,,,,,,,,,,
,,,,,,,,,,,,,,
,,,,,,,,,,,,,,
,,,,,,,,,,,,,,
,,,,,,,,,,,,,,
,,,,,,,,,,,,,,
,,,,,,,,,,,,,,
,,,,,,,,,,,,,,
,,,,,,,,,,,,,,
,,,,,,,,,,,,,,
,,,,,,,,,,,,,,
,,,,,,,,,,,,,,
,,,,,,,,,,,,,,
,,,,,,,,,,,,,,
,,,,,,,,,,,,,,
,,,,,,,,,,,,,,
,,,,,,,,,,,,,,
,,,,,,,,,,,,,,
,,,,,,,,,,,,,,
,,,,,,,,,,,,,,
,,,,,,,,,,,,,,
,,,,,,,,,,,,,,
,,,,,,,,,,,,,,
,,,,,,,,,,,,,,
,,,,,,,,,,,,,,
,,,,,,,,,,,,,,
,,,,,,,,,,,,,,
,,,,,,,,,,,,,,
,,,,,,,,,,,,,,
,,,,,,,,,,,,,,
,,,,,,,,,,,,,,
,,,,,,,,,,,,,,
,,,,,,,,,,,,,,
,,,,,,,,,,,,,,
,,,,,,,,,,,,,,
,,,,,,,,,,,,,,
,,,,,,,,,,,,,,
,,,,,,,,,,,,,,
,,,,,,,,,,,,,,
,,,,,,,,,,,,,,
,,,,,,,,,,,,,,
,,,,,,,,,,,,,,
,,,,,,,,,,,,,,
,,,,,,,,,,,,,,
,,,,,,,,,,,,,,
,,,,,,,,,,,,,,
,,,,,,,,,,,,,,
,,,,,,,,,,,,,,
,,,,,,,,,,,,,,
,,,,,,,,,,,,,,
,,,,,,,,,,,,,,
,,,,,,,,,,,,,,
,,,,,,,,,,,,,,
,,,,,,,,,,,,,,
,,,,,,,,,,,,,,
,,,,,,,,,,,,,,
,,,,,,,,,,,,,,
,,,,,,,,,,,,,,
,,,,,,,,,,,,,,
,,,,,,,,,,,,,,
,,,,,,,,,,,,,,
,,,,,,,,,,,,,,
,,,,,,,,,,,,,,
,,,,,,,,,,,,,,
,,,,,,,,,,,,,,
,,,,,,,,,,,,,,
,,,,,,,,,,,,,,
,,,,,,,,,,,,,,
,,,,,,,,,,,,,,
,,,,,,,,,,,,,,
,,,,,,,,,,,,,,
,,,,,,,,,,,,,,
,,,,,,,,,,,,,,
,,,,,,,,,,,,,,
,,,,,,,,,,,,,,
,,,,,,,,,,,,,,
,,,,,,,,,,,,,,
,,,,,,,,,,,,,,
,,,,,,,,,,,,,,
,,,,,,,,,,,,,,
,,,,,,,,,,,,,,
,,,,,,,,,,,,,,
,,,,,,,,,,,,,,
,,,,,,,,,,,,,,
,,,,,,,,,,,,,,
,,,,,,,,,,,,,,
,,,,,,,,,,,,,,
,,,,,,,,,,,,,,
,,,,,,,,,,,,,,
,,,,,,,,,,,,,,
,,,,,,,,,,,,,,
,,,,,,,,,,,,,,
,,,,,,,,,,,,,,
,,,,,,,,,,,,,,
,,,,,,,,,,,,,,
,,,,,,,,,,,,,,
,,,,,,,,,,,,,,
,,,,,,,,,,,,,,
,,,,,,,,,,,,,,
,,,,,,,,,,,,,,
,,,,,,,,,,,,,,
,,,,,,,,,,,,,,
,,,,,,,,,,,,,,
,,,,,,,,,,,,,,
,,,,,,,,,,,,,,
,,,,,,,,,,,,,,
,,,,,,,,,,,,,,
,,,,,,,,,,,,,,
,,,,,,,,,,,,,,
,,,,,,,,,,,,,,
,,,,,,,,,,,,,,
,,,,,,,,,,,,,,
,,,,,,,,,,,,,,
,,,,,,,,,,,,,,
,,,,,,,,,,,,,,
,,,,,,,,,,,,,,
,,,,,,,,,,,,,,
,,,,,,,,,,,,,,
,,,,,,,,,,,,,,
,,,,,,,,,,,,,,
,,,,,,,,,,,,,,
,,,,,,,,,,,,,,
,,,,,,,,,,,,,,
,,,,,,,,,,,,,,
,,,,,,,,,,,,,,
,,,,,,,,,,,,,,
,,,,,,,,,,,,,,
,,,,,,,,,,,,,,
,,,,,,,,,,,,,,
,,,,,,,,,,,,,,
,,,,,,,,,,,,,,
,,,,,,,,,,,,,,
,,,,,,,,,,,,,,
,,,,,,,,,,,,,,
,,,,,,,,,,,,,,
,,,,,,,,,,,,,,
,,,,,,,,,,,,,,
,,,,,,,,,,,,,,
,,,,,,,,,,,,,,
,,,,,,,,,,,,,,
,,,,,,,,,,,,,,
,,,,,,,,,,,,,,
,,,,,,,,,,,,,,
,,,,,,,,,,,,,,
,,,,,,,,,,,,,,
,,,,,,,,,,,,,,
,,,,,,,,,,,,,,
,,,,,,,,,,,,,,
,,,,,,,,,,,,,,
,,,,,,,,,,,,,,
,,,,,,,,,,,,,,
,,,,,,,,,,,,,,
,,,,,,,,,,,,,,
,,,,,,,,,,,,,,
,,,,,,,,,,,,,,
,,,,,,,,,,,,,,
,,,,,,,,,,,,,,
,,,,,,,,,,,,,,
,,,,,,,,,,,,,,
,,,,,,,,,,,,,,
,,,,,,,,,,,,,,
,,,,,,,,,,,,,,
,,,,,,,,,,,,,,
,,,,,,,,,,,,,,
,,,,,,,,,,,,,,
,,,,,,,,,,,,,,
,,,,,,,,,,,,,,
,,,,,,,,,,,,,,
,,,,,,,,,,,,,,
,,,,,,,,,,,,,,
,,,,,,,,,,,,,,
,,,,,,,,,,,,,,
,,,,,,,,,,,,,,
,,,,,,,,,,,,,,
,,,,,,,,,,,,,,
,,,,,,,,,,,,,,
,,,,,,,,,,,,,,
,,,,,,,,,,,,,,
,,,,,,,,,,,,,,
,,,,,,,,,,,,,,
,,,,,,,,,,,,,,
,,,,,,,,,,,,,,
,,,,,,,,,,,,,,
,,,,,,,,,,,,,,
,,,,,,,,,,,,,,
,,,,,,,,,,,,,,
,,,,,,,,,,,,,,
,,,,,,,,,,,,,,
,,,,,,,,,,,,,,
,,,,,,,,,,,,,,
,,,,,,,,,,,,,,
,,,,,,,,,,,,,,
,,,,,,,,,,,,,,
,,,,,,,,,,,,,,
,,,,,,,,,,,,,,
,,,,,,,,,,,,,,
,,,,,,,,,,,,,,
,,,,,,,,,,,,,,
,,,,,,,,,,,,,,
,,,,,,,,,,,,,,
,,,,,,,,,,,,,,
,,,,,,,,,,,,,,
,,,,,,,,,,,,,,
,,,,,,,,,,,,,,
,,,,,,,,,,,,,,
,,,,,,,,,,,,,,
,,,,,,,,,,,,,,
,,,,,,,,,,,,,,
,,,,,,,,,,,,,,
,,,,,,,,,,,,,,
,,,,,,,,,,,,,,
,,,,,,,,,,,,,,
,,,,,,,,,,,,,,
,,,,,,,,,,,,,,
,,,,,,,,,,,,,,
,,,,,,,,,,,,,,
,,,,,,,,,,,,,,
,,,,,,,,,,,,,,
,,,,,,,,,,,,,,
,,,,,,,,,,,,,,
,,,,,,,,,,,,,,
,,,,,,,,,,,,,,
,,,,,,,,,,,,,,
,,,,,,,,,,,,,,
,,,,,,,,,,,,,,
,,,,,,,,,,,,,,
,,,,,,,,,,,,,,
,,,,,,,,,,,,,,
,,,,,,,,,,,,,,
,,,,,,,,,,,,,,
,,,,,,,,,,,,,,
,,,,,,,,,,,,,,
,,,,,,,,,,,,,,
,,,,,,,,,,,,,,
,,,,,,,,,,,,,,
,,,,,,,,,,,,,,
,,,,,,,,,,,,,,
,,,,,,,,,,,,,,
,,,,,,,,,,,,,,
,,,,,,,,,,,,,,
,,,,,,,,,,,,,,
,,,,,,,,,,,,,,
,,,,,,,,,,,,,,
,,,,,,,,,,,,,,
,,,,,,,,,,,,,,
,,,,,,,,,,,,,,
,,,,,,,,,,,,,,
,,,,,,,,,,,,,,
,,,,,,,,,,,,,,
,,,,,,,,,,,,,,
,,,,,,,,,,,,,,
,,,,,,,,,,,,,,
,,,,,,,,,,,,,,
,,,,,,,,,,,,,,
,,,,,,,,,,,,,,
,,,,,,,,,,,,,,
,,,,,,,,,,,,,,
,,,,,,,,,,,,,,
,,,,,,,,,,,,,,
,,,,,,,,,,,,,,
,,,,,,,,,,,,,,
,,,,,,,,,,,,,,
,,,,,,,,,,,,,,
,,,,,,,,,,,,,,
,,,,,,,,,,,,,,
,,,,,,,,,,,,,,
,,,,,,,,,,,,,,
,,,,,,,,,,,,,,
,,,,,,,,,,,,,,
,,,,,,,,,,,,,,
,,,,,,,,,,,,,,
,,,,,,,,,,,,,,
,,,,,,,,,,,,,,
,,,,,,,,,,,,,,
,,,,,,,,,,,,,,
,,,,,,,,,,,,,,
,,,,,,,,,,,,,,
,,,,,,,,,,,,,,
,,,,,,,,,,,,,,
,,,,,,,,,,,,,,
,,,,,,,,,,,,,,
,,,,,,,,,,,,,,
,,,,,,,,,,,,,,
,,,,,,,,,,,,,,
,,,,,,,,,,,,,,
,,,,,,,,,,,,,,
,,,,,,,,,,,,,,
,,,,,,,,,,,,,,
,,,,,,,,,,,,,,
,,,,,,,,,,,,,,
,,,,,,,,,,,,,,
,,,,,,,,,,,,,,
,,,,,,,,,,,,,,
,,,,,,,,,,,,,,
,,,,,,,,,,,,,,
,,,,,,,,,,,,,,
,,,,,,,,,,,,,,
,,,,,,,,,,,,,,
,,,,,,,,,,,,,,
,,,,,,,,,,,,,,
,,,,,,,,,,,,,,
,,,,,,,,,,,,,,
,,,,,,,,,,,,,,
,,,,,,,,,,,,,,
,,,,,,,,,,,,,,
,,,,,,,,,,,,,,
,,,,,,,,,,,,,,
,,,,,,,,,,,,,,
,,,,,,,,,,,,,,
,,,,,,,,,,,,,,
,,,,,,,,,,,,,,
,,,,,,,,,,,,,,
,,,,,,,,,,,,,,
,,,,,,,,,,,,,,
,,,,,,,,,,,,,,
,,,,,,,,,,,,,,
,,,,,,,,,,,,,,
,,,,,,,,,,,,,,
,,,,,,,,,,,,,,
,,,,,,,,,,,,,,
,,,,,,,,,,,,,,
,,,,,,,,,,,,,,
,,,,,,,,,,,,,,
,,,,,,,,,,,,,,
,,,,,,,,,,,,,,
,,,,,,,,,,,,,,
,,,,,,,,,,,,,,
,,,,,,,,,,,,,,
,,,,,,,,,,,,,,
,,,,,,,,,,,,,,
,,,,,,,,,,,,,,
,,,,,,,,,,,,,,
,,,,,,,,,,,,,,
,,,,,,,,,,,,,,
,,,,,,,,,,,,,,
,,,,,,,,,,,,,,
,,,,,,,,,,,,,,
,,,,,,,,,,,,,,
,,,,,,,,,,,,,,
,,,,,,,,,,,,,,
